,Unnamed: 0,STGR_HC_with_6_Nodes,STGR_kmeans_with_6_Nodes,STGR_Length
0,Coffee,8.456045185068488,8.434855721865473,0.1258741258741259
1,FordA,19.635181237145858,19.10335614988307,0.072
2,FordB,20.68674499259629,20.357566982109248,0.072
3,OSULeaf,12.516445595837896,12.284863715557716,0.08430913348946135
4,Phoneme,32.849928759739825,29.938827623057914,0.03515625
5,ToeSegmentation1,8.22935717292032,8.277726177696989,0.1299638989169675
6,Worms,29.83056583838273,27.970403487538718,0.04
7,WormsTwoClass,31.23809567899481,30.371691373124428,0.04
